Country,Websites Consulted,Notes,,,,,,,,
Afghanistan,http://www.centralbank.gov.af/index.php,,,,,,,,,
Albania,"http://www.bankofalbania.org/web/Welcome_to_Bank_of_Albania_webpage_5186_2.php?kc=0,0,0,0,0 ",,,,,,,,,
,http://amf.gov.al/,uses the same template as the BIS website,,,,,,,,
Argentina,http://www.cnv.gov.ar/antecedentes.asp?Lang=0,,,,,,,,,
,http://www.bcra.gov.ar/index_i.htm,,,,,,,,,
Australia,http://www.asic.gov.au/asic/asic.nsf/byheadline/How+we+operate?openDocument,,,,,,,,,
,http://www.apra.gov.au/aboutApra/,,,,,,,,,
,"Caprio, et al. (2007)",,,,,,,,,
Austria,http://www.fma.gv.at/cms/site/EN/einzel.html?channel=CH0032,,,,,,,,,
,"Caprio, et al. (2007)",,,,,,,,,
Bahamas,http://www.scb.gov.bs/about.htm,,,,,,,,,
,"Caprio, et al. (2007)",,,,,,,,,
Bahrain,http://www.bma.gov.bh/page.php?p=reg_overview,,,,,,,,,
Bangladesh,http://www.secbd.org/about.htm,,,,,,,,,
,http://www.bangladesh-bank.org/,,,,,,,,,
Barbados,http://www.seccom.com.bb/(S(4i3kol55lsafys45ktmumrze))/Index.aspx,,,,,,,,,
,http://www.centralbank.org.bb/,,,,,,,,,
Belgium,http://www.cbfa.be/eng/aboutcbfa/odcbfa.asp,,,,,,,,,
,"Caprio, et al. (2007)",,,,,,,,,
Brunei,http://www.mof.gov.bn/English/Pages/default.aspx,,,,,,,,,
Bulgaria,http://www.fsc.bg/go.idecs?i=10160,,,,,,,,,
,http://www.bnb.bg/BankSupervision/index.htm,,,,,,,,,
,"Caprio, et al. (2007)",,,,,,,,,
Cayman Islands, http://law.utoledo.edu/students/financialregulators/c.htm#CAYMAN_ISLANDS,,,,,,,,,
,http://www.cimoney.com.ky/about_cima/about.aspx?id=66,,,,,,,,,
Chile,http://www.svs.cl/sitio/english/acerca/quees_resena.php,,,,,,,,,
,"Caprio, et al. (2007)",,,,,,,,,
,http://law.utoledo.edu/students/financialregulators/,,,,,,,,,
"China, PRC","Caprio, et al. (2007)",,,,,,,,,
,http://www.cbrc.gov.cn/english/home/jsp/index.jsp,,,,,,,,,
"China, Republic",http://www.fscey.gov.tw/Layout/main_en/AllInOne_Show.aspx?path=1871&guid=5da0af18-fb31-4ffb-8dfc-05c37d3d0d0e&lang=en-us,,,,,,,,,
Colombia,http://www.superfinanciera.gov.co/,,,,,,,,,
,"Caprio, et al. (2007)",,,,,,,,,
Croatia,http://www.hnb.hr/o-hnb/eo-hnb.htm,,,,,,,,,
, http://law.utoledo.edu/students/financialregulators,,,,,,,,,
Cyprus,http://www.cysec.gov.cy/cysec_en.aspx,,,,,,,,,
,http://www.centralbank.gov.cy/nqcontent.cfm?a_id=2,,,,,,,,,
Czech Republic,"Caprio, et al. (2007)",,,,,,,,,
Denmark,"Caprio, et al. (2007)",,,,,,,,,
,http://www.finanstilsynet.dk/en/Om-os.aspx,,,,,,,,,
Dominican Republic,http://www.supbanco.gov.do/,,,,,,,,,
,http://law.utoledo.edu/students/financialregulators/d.htm,,,,,,,,,
Dubai,http://www.dfsa.ae/Pages/LegalFramework/LegalFramework.aspx,Applies to Dubai financial free zone,,,,,,,,
Ecuador,"Caprio, et al. (2007)",,,,,,,,,
,http://www.supercias.gov.ec/Paginas_htm/Mercado/Historia.htm,,,,,,,,,
Egypt,"Caprio, et al. (2007)",,,,,,,,,
,http://www.efsa.gov.eg/jtags/efsa2_ar/index.jsp,,,,,,,,,
El Salvador,"Caprio, et al. (2007)",,,,,,,,,
Estonia,http://www.fi.ee/index.php?id=762,,,,,,,,,
,"Caprio, et al. (2007)",,,,,,,,,
Finland,http://www.finanssivalvonta.fi/en/About_us/Pages/Default.aspx,"Consolidated banking, securities with insurance in 2009",,,,,,,,
,"Caprio, et al. (2007)",,,,,,,,,
France,"Caprio, et al. (2007)",,,,,,,,,
,http://law.utoledo.edu/students/financialregulators/f.htm,Consolidated securities in 2003,,,,,,,,
Germany,http://www.BaFin.de/cln_161/nn_720786/sid_9F0D757CA9759D8BFDB99CE5ED17121A/EN/BaFin/bafin__node.html?__nnn=true,Central Bank still conducts bank inspections,,,,,,,,
,"Caprio, et al. (2007)",,,,,,,,,
Ghana,http://www.secghana.org/Laws%20and%20Regulations/index.asp,,,,,,,,,
Greece,http://www.hcmc.gr/pages/category.asp?catID=48,HCMC start year inferred from 1st year of annual reports,,,,,,,,
,"Caprio, et al. (2007)",,,,,,,,,
,http://www.hcmc.gr/pages/category.asp?catID=48,,,,,,,,,
Guatemala,http://law.utoledo.edu/students/financialregulators/g.htm,,,,,,,,,
,"Caprio, et al. (2007)",,,,,,,,,
Honduras,http://www.cnbs.gov.hn/,,,,,,,,,
,"Caprio, et al. (2007)",,,,,,,,,
Hong Kong,http://www.sfc.hk/sfc/html/EN/aboutsfc/background/background.html,,,,,,,,,
,http://www.info.gov.hk/hkma/eng/bank/index.htm,,,,,,,,,
Hungary,http://www.pszaf.hu/en/topmenu/about_us,,,,,,,,,
,"Caprio, et al. (2007)",,,,,,,,,
Iceland,http://www.fme.is/?PageID=204,,,,,,,,,
,http://eng.idnadarraduneyti.is/media/Acrobat/Act-No-87-1998.pdf,,,,,,,,,
India,http://www.sebi.gov.in/Index.jsp?contentDisp=AboutSEBI,,,,,,,,,
,"Caprio, et al. (2007)",,,,,,,,,
Indonesia,"Caprio, et al. (2007)",,,,,,,,,
Ireland,http://www.financialregulator.ie/about-us/Pages/default.aspx,2003 created Irish Financial Services Regulatory Authority as part of the Central Bank,,,,,,,,
,"Caprio, et al. (2007)",IFSRA abolished in 2010,,,,,,,,
Israel,http://www.isa.gov.il/Default.aspx?Site=ENGLISH,,,,,,,,,
,"Caprio, et al. (2007)",,,,,,,,,
Italy,"Caprio, et al. (2007)",,,,,,,,,
,http://www.consob.it/mainen/consob/what/what.html?symblink=/mainen/consob/what/index.html,,,,,,,,,
Jamaica,http://www.fscjamaica.org/content.php?action=content&id=60,,,,,,,,,
,http://law.utoledo.edu/students/financialregulators/j.htm,,,,,,,,,
Japan,"Caprio, et al. (2007)",,,,,,,,,
,http://law.utoledo.edu/students/financialregulators/j.htm,,,,,,,,,
Jordan,http://www.jsc.gov.jo/public/UnderConstruction.htm,,,,,,,,,
,http://law.utoledo.edu/students/financialregulators/j.htm,,,,,,,,,
Kenya,http://www.cma.or.ke/index.php?option=com_content&task=view&id=16&Itemid=36,,,,,,,,,
,http://law.utoledo.edu/students/financialregulators/k.htm,,,,,,,,,
"Korea, Rep. of",http://www.fsc.go.kr/eng/ab/ab0303.jsp,,,,,,,,,
,http://english.fss.or.kr/fsseng/eabu/int/est.jsp?menuName=INTRODUCTION&menuIndex=0,,,,,,,,,
,"Caprio, et al. (2007)",,,,,,,,,
Latvia,http://www.fktk.lv/en/commission/about_us/history/,,,,,,,,,
,"Caprio, et al. (2007)",,,,,,,,,
Lebanon,http://www.bccl.gov.lb/,,,,,,,,,
,http://www.bdl.gov.lb/bdl/index.htm,,,,,,,,,
Lithuania,http://www.lb.lt/about,,,,,,,,,
,http://www.vpk.lt/en/,,,,,,,,,
,Telephone conversation with a representative of The Securities Commission of the Republic of Lithuania,,,,,,,,,
Luxembourg,http://www.cssf.lu/index.php?id=47&L=1,,,,,,,,,
Macao,http://www.amcm.gov.mo/history/History.htm,,,,,,,,,
,http://law.utoledo.edu/students/financialregulators/m.htm,,,,,,,,,
Macedonia,http://www.sec.gov.mk/default.aspx?item=staticpages&itemid=18,,,,,,,,,
,http://law.utoledo.edu/students/financialregulators/m.htm,,,,,,,,,
Malawi,http://www.rbm.mw/general_info/index.asp?suburl=history,,,,,,,,,
,http://law.utoledo.edu/students/financialregulators/m.htm,,,,,,,,,
Malaysia,http://www.sc.com.my/main.asp?pageid=219&menuid=188&newsid=&linkid=&type=,,,,,,,,,
,http://law.utoledo.edu/students/financialregulators/m.htm,,,,,,,,,
Malta,http://www.mfsa.com.mt/,,,,,,,,,
Mexico,"Caprio, et al. (2007)",,,,,,,,,
,http://law.utoledo.edu/students/financialregulators/m.htm,,,,,,,,,
Morocco,http://www.cdvm.gov.ma/lecdvm/lecdvm.jsp,,,,,,,,,
,"Caprio, et al. (2007)",,,,,,,,,
Netherlands,http://www.afm.nl/en/over-afm.aspx,,,,,,,,,
,"Caprio, et al. (2007)",,,,,,,,,
New Zealand,http://www.seccom.govt.nz/about/,,,,,,,,,
,"Caprio, et al. (2007)",,,,,,,,,
Nicaragua,http://www.superintendencia.gob.ni/index.php?cont=contenido_web&id=1&seccion=10,,,,,,,,,
Nigeria,http://www.sec.gov.ng/index.php/our-history/,,,,,,,,,
,"Caprio, et al. (2007)",,,,,,,,,
Norway,http://www.finanstilsynet.no/en/Secondary-menu/About-Finanstilsynet/,,,,,,,,,
,"Caprio, et al. (2007)",,,,,,,,,
Oman,http://www.cma.gov.om/template/?c=1&s=59,Unable to determine if there was a pred.,,,,,,,,
,http://law.utoledo.edu/students/financialregulators/o.htm,,,,,,,,,
Pakistan,http://www.secp.gov.pk/secpact/actpart2.asp#establishement,Unable to determine if there was a pred.,,,,,,,,
,http://law.utoledo.edu/students/financialregulators/p.htm,,,,,,,,,
Peru,"Caprio, et al. (2007)",,,,,,,,,
Poland,http://www.knf.gov.pl/en/About_us/Tasks_and_objectives/index.html,,,,,,,,,
,"Caprio, et al. (2007)",,,,,,,,,
Portugal,http://www.cmvm.pt/en/a%20cmvm/apresentacao/pages/apresentacao.aspx,,,,,,,,,
,"Caprio, et al. (2007)",,,,,,,,,
,http://law.utoledo.edu/students/financialregulators/p.htm,,,,,,,,,
Qatar,http://www.qfcra.com/who/about_index.php,Unable to determine if there was a pred.,,,,,,,,
Saudi Arabia,http://www.cma.org.sa/cma_en/subpage.aspx?secserno=117&mirrorid=271&serno=117,,,,,,,,,
Slovakia,http://www.nbs.sk/en/financial-market-supervision,,,,,,,,,
Slovenia,http://www.a-tvp.si/Eng/Default.aspx?id=1,,,,,,,,,
,http://law.utoledo.edu/students/financialregulators/s.htm,,,,,,,,,
Singapore,http://www.mas.gov.sg/about_us/Introduction_to_MAS.html,,,,,,,,,
South Africa,http://www.fsb.co.za/,,,,,,,,,
,"Caprio, et al. (2007)",,,,,,,,,
Spain,"Caprio, et al. (2007)",,,,,,,,,
,http://www.cnmv.es/index.htm,,,,,,,,,
Sri Lanka,http://www.sec.gov.lk/,Unable to determine if there was a pred.,,,,,,,,
,"Caprio, et al. (2007)",,,,,,,,,
Sweden,http://www.fi.se/Folder-EN/Startpage/About-FI/,,,,,,,,,
Switzerland,http://www.finma.ch/e/finma/Pages/Ziele.aspx,,,,,,,,,
,"Caprio, et al. (2007)",,,,,,,,,
Tanzania,http://www.cmsa-tz.org/about/overview.htm,,,,,,,,,
,http://law.utoledo.edu/students/financialregulators/t.htm,,,,,,,,,
Thailand,http://www.sec.or.th/sec/Content_0000000103.jsp?categoryID=CAT0000427&lang=en,,,,,,,,,
,http://law.utoledo.edu/students/financialregulators/t.htm,,,,,,,,,
Turkey,http://www.cmb.gov.tr/indexcont.aspx?action=showpage&menuid=0&pid=0&submenuheader=-1,,,,,,,,,
,"Caprio, et al. (2007)",,,,,,,,,
Uganda,http://www.cmauganda.co.ug/ic.php?pID=18&p=What%20We%20Do,,,,,,,,,
,"Caprio, et al. (2007)",,,,,,,,,
UAE,http://www.sca.ae/English/sca/Pages/establishment.aspx,,,,,,,,,
United Kingdom,"Caprio, et al. (2007)",,,,,,,,,
United States,http://www.sec.gov/,,,,,,,,,
,http://www.federalreserve.gov/,,,,,,,,,
Vietnam,http://www.ssc.gov.vn/portal/page/portal/ssc_en/int,,,,,,,,,
,http://law.utoledo.edu/students/financialregulators/v.htm,,,,,,,,,
Zambia,http://www.sec.gov.zm/aboutus/index.html,Unable to determine if there was a pred.,,,,,,,,
,http://law.utoledo.edu/students/financialregulators/z.htm,,,,,,,,,
,"Caprio, et al. (2007)",,,,,,,,,
,,,,,,,,,,
,,,,,,,,,,
,"Websites accessed: 27, 28 September 2010",,,,,,,,,
,,,,,,,,,,